<?xml version="1.0" encoding="UTF-8" standalone="yes"?>
<OfficeApp xmlns="http://schemas.microsoft.com/office/appforoffice/1.1" xmlns:xsi="http://www.w3.org/2001/XMLSchema-instance" xmlns:bt="http://schemas.microsoft.com/office/officeappbasictypes/1.0" xmlns:mailappor="http://schemas.microsoft.com/office/mailappversionoverrides/1.0" xsi:type="MailApp">
  <Id>af381bc9-733c-4b56-9744-2be7047ca66d</Id>
  <Version>1.0.0.0</Version>
  <ProviderName>Smart Alters Taskpane</ProviderName>
  <DefaultLocale>en-US</DefaultLocale>
  <DisplayName DefaultValue="Smart Alters Add-in"/>
  <Description DefaultValue="Project to test Smart Alerts"/>
  <IconUrl DefaultValue="https://localhost:3000/assets/icon-64.png"/>
  <HighResolutionIconUrl DefaultValue="https://localhost:3000/assets/icon-128.png"/>
  <SupportUrl DefaultValue="https://www.contoso.com/help"/>
  <AppDomains>
    <AppDomain>https://localhost:3000</AppDomain>
  </AppDomains>
  <Hosts>
    <Host Name="Mailbox"/>
  </Hosts>
  <Requirements>
    <Sets>
      <Set Name="Mailbox" MinVersion="1.1"/>
    </Sets>
  </Requirements>
  <FormSettings>
    <Form xsi:type="ItemRead">
      <DesktopSettings>
        <SourceLocation DefaultValue="https://localhost:3000/taskpane.html"/>
        <RequestedHeight>250</RequestedHeight>
      </DesktopSettings>
    </Form>
  </FormSettings>
  <Permissions>ReadWriteItem</Permissions>
  <Rule xsi:type="RuleCollection" Mode="Or">
    <Rule xsi:type="ItemIs" ItemType="Message" FormType="Read"/>
  </Rule>
  <DisableEntityHighlighting>false</DisableEntityHighlighting>
  <VersionOverrides xmlns="http://schemas.microsoft.com/office/mailappversionoverrides" xsi:type="VersionOverridesV1_0">
  <VersionOverrides xmlns="http://schemas.microsoft.com/office/mailappversionoverrides/1.1" xsi:type="VersionOverridesV1_1">
    <Requirements>
      <bt:Sets DefaultMinVersion="1.3">
        <bt:Set Name="Mailbox"/>
      </bt:Sets>
    </Requirements>
    <Hosts>
      <Host xsi:type="MailHost">
      <Runtimes>
          <!-- HTML file including reference to or inline JavaScript event handlers.
               This is used by Outlook on the web and on the new Mac UI, and new Outlook on Windows (preview). -->
          <Runtime resid="WebViewRuntime.Url">
            <!-- JavaScript file containing event handlers. This is used by classic Outlook on Windows. -->
            <Override type="javascript" resid="JSRuntime.Url"/>
          </Runtime>
        </Runtimes>
        <DesktopFormFactor>
          <FunctionFile resid="Commands.Url"/>
            <!-- Message Compose -->
            <ExtensionPoint xsi:type="MessageComposeCommandSurface">
              <OfficeTab id="TabDefault">
                <Group id="msgComposeCmdGroup">
                  <Label resid="GroupLabel"/>
                  <Control xsi:type="Button" id="msgReadOpenPaneButton">
                    <Label resid="TaskpaneButton.Label"/>
                    <Supertip>
                      <Title resid="TaskpaneButton.Title"/>
                      <Description resid="TaskpaneButton.Tooltip"/>
                    </Supertip>
                    <Icon>
                      <bt:Image size="16" resid="Icon.16x16"/>
                      <bt:Image size="32" resid="Icon.32x32"/>
                      <bt:Image size="80" resid="Icon.80x80"/>
                    </Icon>
                    <Action xsi:type="ShowTaskpane">
                      <SourceLocation resid="Taskpane.Url"/>
                    </Action>
                  </Control>
                  
                </Group>
              </OfficeTab>
            </ExtensionPoint>
            <!-- Enables the add-in on specified events. -->
            <ExtensionPoint xsi:type="LaunchEvent">
              <LaunchEvents>
                <LaunchEvent Type="OnMessageSend" FunctionName="onMessageSendHandler" SendMode="SoftBlock" />
              </LaunchEvents>
              <!-- Identifies the runtime to be used by the add-in (also referenced by the Runtime element). -->
              <SourceLocation resid="WebViewRuntime.Url" />
            </ExtensionPoint>
        </DesktopFormFactor>
      </Host>
    </Hosts>
    <Resources>
      <bt:Images>
        <bt:Image id="Icon.16x16" DefaultValue="https://localhost:3000/assets/icon-16.png"/>
        <bt:Image id="Icon.32x32" DefaultValue="https://localhost:3000/assets/icon-32.png"/>
        <bt:Image id="Icon.80x80" DefaultValue="https://localhost:3000/assets/icon-80.png"/>
      </bt:Images>
      <bt:Urls>
      <bt:Url id="JSRuntime.Url" DefaultValue="https://localhost:3000/commands.js" />
        <bt:Url id="WebViewRuntime.Url" DefaultValue="https://localhost:3000/commands.html" />
        <bt:Url id="Taskpane.Url" DefaultValue="https://localhost:3000/taskpane.html"/>
      </bt:Urls>
      <bt:ShortStrings>
        <bt:String id="GroupLabel" DefaultValue="Smart Alters Taskpane Add-in"/>
        <bt:String id="TaskpaneButton.Label" DefaultValue="Show Taskpane"/>
        <bt:String id="TaskpaneButton.Title" DefaultValue="Show Taskpane"/>
      </bt:ShortStrings>
      <bt:LongStrings>
        <bt:String id="TaskpaneButton.Tooltip" DefaultValue="Displays a list of your gists and allows you to insert their contents into the current message."/>
      </bt:LongStrings>
    </Resources>
  </VersionOverrides>
  </VersionOverrides>
</OfficeApp>